geoid,name,B19013001,"B19013001, Error"
14000US06037101110,"Census Tract 1011.10, Los Angeles, CA",51209,9717
14000US06037101122,"Census Tract 1011.22, Los Angeles, CA",85460,7959
14000US06037101210,"Census Tract 1012.10, Los Angeles, CA",34627,9993
14000US06037101220,"Census Tract 1012.20, Los Angeles, CA",40273,7184
14000US06037101300,"Census Tract 1013, Los Angeles, CA",81076,7284
14000US06037101400,"Census Tract 1014, Los Angeles, CA",68313,9818
14000US06037102103,"Census Tract 1021.03, Los Angeles, CA",81477,10437
14000US06037102104,"Census Tract 1021.04, Los Angeles, CA",74138,7435
14000US06037102105,"Census Tract 1021.05, Los Angeles, CA",47431,7337
14000US06037102107,"Census Tract 1021.07, Los Angeles, CA",76875,25067
14000US06037103101,"Census Tract 1031.01, Los Angeles, CA",72734,14754
14000US06037103102,"Census Tract 1031.02, Los Angeles, CA",71979,9438
14000US06037103200,"Census Tract 1032, Los Angeles, CA",66522,16993
14000US06037103300,"Census Tract 1033, Los Angeles, CA",94306,14073
14000US06037103400,"Census Tract 1034, Los Angeles, CA",76917,17711
14000US06037104103,"Census Tract 1041.03, Los Angeles, CA",83542,18063
14000US06037104105,"Census Tract 1041.05, Los Angeles, CA",39693,9791
14000US06037104108,"Census Tract 1041.08, Los Angeles, CA",44672,5665
14000US06037104124,"Census Tract 1041.24, Los Angeles, CA",81078,9573
14000US06037104201,"Census Tract 1042.01, Los Angeles, CA",50968,8224
14000US06037104203,"Census Tract 1042.03, Los Angeles, CA",41830,12703
14000US06037104204,"Census Tract 1042.04, Los Angeles, CA",47708,16268
14000US06037104310,"Census Tract 1043.10, Los Angeles, CA",68413,12700
14000US06037104320,"Census Tract 1043.20, Los Angeles, CA",46972,6720
14000US06037104401,"Census Tract 1044.01, Los Angeles, CA",70147,14484
14000US06037104403,"Census Tract 1044.03, Los Angeles, CA",56250,14847
14000US06037104404,"Census Tract 1044.04, Los Angeles, CA",54242,6761
14000US06037104500,"Census Tract 1045, Los Angeles, CA",56875,17030
14000US06037104610,"Census Tract 1046.10, Los Angeles, CA",58049,6009
14000US06037104620,"Census Tract 1046.20, Los Angeles, CA",53173,8297
14000US06037104701,"Census Tract 1047.01, Los Angeles, CA",27917,4283
14000US06037104703,"Census Tract 1047.03, Los Angeles, CA",40921,8205
14000US06037104704,"Census Tract 1047.04, Los Angeles, CA",53145,11519
14000US06037104810,"Census Tract 1048.10, Los Angeles, CA",68250,9821
14000US06037104821,"Census Tract 1048.21, Los Angeles, CA",52625,9820
14000US06037104822,"Census Tract 1048.22, Los Angeles, CA",51048,20669
14000US06037106010,"Census Tract 1060.10, Los Angeles, CA",73650,19642
14000US06037106020,"Census Tract 1060.20, Los Angeles, CA",74286,7468
14000US06037106111,"Census Tract 1061.11, Los Angeles, CA",90031,17353
14000US06037106112,"Census Tract 1061.12, Los Angeles, CA",84932,8262
14000US06037106113,"Census Tract 1061.13, Los Angeles, CA",77467,14922
14000US06037106114,"Census Tract 1061.14, Los Angeles, CA",50781,13651
14000US06037106403,"Census Tract 1064.03, Los Angeles, CA",64631,5251
14000US06037106405,"Census Tract 1064.05, Los Angeles, CA",54688,10868
14000US06037106406,"Census Tract 1064.06, Los Angeles, CA",79537,11770
14000US06037106407,"Census Tract 1064.07, Los Angeles, CA",33681,14986
14000US06037106408,"Census Tract 1064.08, Los Angeles, CA",46038,7055
14000US06037106510,"Census Tract 1065.10, Los Angeles, CA",100740,11201
14000US06037106520,"Census Tract 1065.20, Los Angeles, CA",63664,7442
14000US06037106603,"Census Tract 1066.03, Los Angeles, CA",105573,9074
14000US06037106604,"Census Tract 1066.04, Los Angeles, CA",54351,10850
14000US06037106641,"Census Tract 1066.41, Los Angeles, CA",103235,11742
14000US06037106642,"Census Tract 1066.42, Los Angeles, CA",102159,9343
14000US06037106643,"Census Tract 1066.43, Los Angeles, CA",135099,22153
14000US06037106645,"Census Tract 1066.45, Los Angeles, CA",114013,27153
14000US06037106646,"Census Tract 1066.46, Los Angeles, CA",96996,8562
14000US06037106648,"Census Tract 1066.48, Los Angeles, CA",57743,10386
14000US06037106649,"Census Tract 1066.49, Los Angeles, CA",82564,20768
14000US06037107010,"Census Tract 1070.10, Los Angeles, CA",56691,12682
14000US06037107020,"Census Tract 1070.20, Los Angeles, CA",80000,8967
14000US06037108101,"Census Tract 1081.01, Los Angeles, CA",135893,16798
14000US06037108102,"Census Tract 1081.02, Los Angeles, CA",94504,15084
14000US06037108103,"Census Tract 1081.03, Los Angeles, CA",153940,11179
14000US06037108104,"Census Tract 1081.04, Los Angeles, CA",122000,22376
14000US06037108201,"Census Tract 1082.01, Los Angeles, CA",119907,13133
14000US06037108202,"Census Tract 1082.02, Los Angeles, CA",102188,20403
14000US06037109100,"Census Tract 1091, Los Angeles, CA",73839,15831
14000US06037109200,"Census Tract 1092, Los Angeles, CA",100083,9859
14000US06037109300,"Census Tract 1093, Los Angeles, CA",82037,13520
14000US06037109400,"Census Tract 1094, Los Angeles, CA",71750,15503
14000US06037109500,"Census Tract 1095, Los Angeles, CA",51794,7493
14000US06037109601,"Census Tract 1096.01, Los Angeles, CA",88954,6145
14000US06037109603,"Census Tract 1096.03, Los Angeles, CA",53750,14812
14000US06037109604,"Census Tract 1096.04, Los Angeles, CA",76154,13673
14000US06037109700,"Census Tract 1097, Los Angeles, CA",95845,10875
14000US06037109800,"Census Tract 1098, Los Angeles, CA",92188,14804
14000US06037111100,"Census Tract 1111, Los Angeles, CA",82818,6182
14000US06037111201,"Census Tract 1112.01, Los Angeles, CA",86086,12841
14000US06037111202,"Census Tract 1112.02, Los Angeles, CA",65417,13157
14000US06037111204,"Census Tract 1112.04, Los Angeles, CA",140417,23445
14000US06037111205,"Census Tract 1112.05, Los Angeles, CA",71380,6242
14000US06037111206,"Census Tract 1112.06, Los Angeles, CA",105259,27552
14000US06037111301,"Census Tract 1113.01, Los Angeles, CA",70879,8514
14000US06037111302,"Census Tract 1113.02, Los Angeles, CA",65417,13864
14000US06037111400,"Census Tract 1114, Los Angeles, CA",55227,12456
14000US06037113101,"Census Tract 1131.01, Los Angeles, CA",106923,17006
14000US06037113102,"Census Tract 1131.02, Los Angeles, CA",141250,33451
14000US06037113211,"Census Tract 1132.11, Los Angeles, CA",88867,9639
14000US06037113212,"Census Tract 1132.12, Los Angeles, CA",77872,16302
14000US06037113213,"Census Tract 1132.13, Los Angeles, CA",82208,3839
14000US06037113231,"Census Tract 1132.31, Los Angeles, CA",96214,13145
14000US06037113232,"Census Tract 1132.32, Los Angeles, CA",103988,10672
14000US06037113233,"Census Tract 1132.33, Los Angeles, CA",40697,11028
14000US06037113234,"Census Tract 1132.34, Los Angeles, CA",55274,3668
14000US06037113235,"Census Tract 1132.35, Los Angeles, CA",75625,12595
14000US06037113237,"Census Tract 1132.37, Los Angeles, CA",77297,11480
14000US06037113301,"Census Tract 1133.01, Los Angeles, CA",68194,10996
14000US06037113303,"Census Tract 1133.03, Los Angeles, CA",88580,14731
14000US06037113321,"Census Tract 1133.21, Los Angeles, CA",59196,7997
14000US06037113322,"Census Tract 1133.22, Los Angeles, CA",82407,12173
14000US06037113401,"Census Tract 1134.01, Los Angeles, CA",82804,10296
14000US06037113421,"Census Tract 1134.21, Los Angeles, CA",60789,7154
14000US06037113422,"Census Tract 1134.22, Los Angeles, CA",64921,11745
14000US06037115101,"Census Tract 1151.01, Los Angeles, CA",135000,20123
14000US06037115103,"Census Tract 1151.03, Los Angeles, CA",0,0
14000US06037115104,"Census Tract 1151.04, Los Angeles, CA",51563,3931
14000US06037115201,"Census Tract 1152.01, Los Angeles, CA",50606,11084
14000US06037115202,"Census Tract 1152.02, Los Angeles, CA",55560,11365
14000US06037115301,"Census Tract 1153.01, Los Angeles, CA",79844,18662
14000US06037115302,"Census Tract 1153.02, Los Angeles, CA",45441,9976
14000US06037115401,"Census Tract 1154.01, Los Angeles, CA",59482,9272
14000US06037115403,"Census Tract 1154.03, Los Angeles, CA",48984,7257
14000US06037115404,"Census Tract 1154.04, Los Angeles, CA",51500,9815
14000US06037117101,"Census Tract 1171.01, Los Angeles, CA",75694,6923
14000US06037117102,"Census Tract 1171.02, Los Angeles, CA",63681,12097
14000US06037117201,"Census Tract 1172.01, Los Angeles, CA",57866,16385
14000US06037117202,"Census Tract 1172.02, Los Angeles, CA",80313,15482
14000US06037117301,"Census Tract 1173.01, Los Angeles, CA",97083,7447
14000US06037117302,"Census Tract 1173.02, Los Angeles, CA",87813,13572
14000US06037117303,"Census Tract 1173.03, Los Angeles, CA",96625,19116
14000US06037117404,"Census Tract 1174.04, Los Angeles, CA",84554,11153
14000US06037117405,"Census Tract 1174.05, Los Angeles, CA",32301,3226
14000US06037117407,"Census Tract 1174.07, Los Angeles, CA",25208,3995
14000US06037117408,"Census Tract 1174.08, Los Angeles, CA",32065,6386
14000US06037117510,"Census Tract 1175.10, Los Angeles, CA",32465,10350
14000US06037117520,"Census Tract 1175.20, Los Angeles, CA",42206,9981
14000US06037117530,"Census Tract 1175.30, Los Angeles, CA",47244,4614
14000US06037119001,"Census Tract 1190.01, Los Angeles, CA",77813,14695
14000US06037119002,"Census Tract 1190.02, Los Angeles, CA",74200,10071
14000US06037119201,"Census Tract 1192.01, Los Angeles, CA",71087,5065
14000US06037119202,"Census Tract 1192.02, Los Angeles, CA",62779,7101
14000US06037119310,"Census Tract 1193.10, Los Angeles, CA",45104,6938
14000US06037119320,"Census Tract 1193.20, Los Angeles, CA",52563,17126
14000US06037119340,"Census Tract 1193.40, Los Angeles, CA",28403,1656
14000US06037119341,"Census Tract 1193.41, Los Angeles, CA",47442,6562
14000US06037119342,"Census Tract 1193.42, Los Angeles, CA",45257,4558
14000US06037119400,"Census Tract 1194, Los Angeles, CA",76607,11551
14000US06037119700,"Census Tract 1197, Los Angeles, CA",92788,21989
14000US06037119800,"Census Tract 1198, Los Angeles, CA",73875,8814
14000US06037119900,"Census Tract 1199, Los Angeles, CA",76157,10945
14000US06037120010,"Census Tract 1200.10, Los Angeles, CA",48594,10462
14000US06037120020,"Census Tract 1200.20, Los Angeles, CA",32052,5566
14000US06037120030,"Census Tract 1200.30, Los Angeles, CA",26563,3060
14000US06037120103,"Census Tract 1201.03, Los Angeles, CA",28173,3561
14000US06037120104,"Census Tract 1201.04, Los Angeles, CA",36528,3062
14000US06037120105,"Census Tract 1201.05, Los Angeles, CA",26813,3177
14000US06037120106,"Census Tract 1201.06, Los Angeles, CA",32418,4322
14000US06037120107,"Census Tract 1201.07, Los Angeles, CA",30473,4296
14000US06037120108,"Census Tract 1201.08, Los Angeles, CA",35872,8707
14000US06037120300,"Census Tract 1203, Los Angeles, CA",66250,15561
14000US06037120400,"Census Tract 1204, Los Angeles, CA",48793,9891
14000US06037121010,"Census Tract 1210.10, Los Angeles, CA",58994,8776
14000US06037121020,"Census Tract 1210.20, Los Angeles, CA",49935,4842
14000US06037121101,"Census Tract 1211.01, Los Angeles, CA",47095,4876
14000US06037121102,"Census Tract 1211.02, Los Angeles, CA",43375,12110
14000US06037121210,"Census Tract 1212.10, Los Angeles, CA",53529,13383
14000US06037121221,"Census Tract 1212.21, Los Angeles, CA",57024,8026
14000US06037121222,"Census Tract 1212.22, Los Angeles, CA",48698,9990
14000US06037121600,"Census Tract 1216, Los Angeles, CA",74238,10110
14000US06037121801,"Census Tract 1218.01, Los Angeles, CA",30776,6470
14000US06037121802,"Census Tract 1218.02, Los Angeles, CA",61419,7108
14000US06037121900,"Census Tract 1219, Los Angeles, CA",47096,9237
14000US06037122000,"Census Tract 1220, Los Angeles, CA",61464,12071
14000US06037122120,"Census Tract 1221.20, Los Angeles, CA",51655,6364
14000US06037122121,"Census Tract 1221.21, Los Angeles, CA",47411,4646
14000US06037122122,"Census Tract 1221.22, Los Angeles, CA",34032,4907
14000US06037122200,"Census Tract 1222, Los Angeles, CA",55729,6815
14000US06037122410,"Census Tract 1224.10, Los Angeles, CA",26933,2396
14000US06037122420,"Census Tract 1224.20, Los Angeles, CA",35878,6769
14000US06037123010,"Census Tract 1230.10, Los Angeles, CA",37454,18112
14000US06037123020,"Census Tract 1230.20, Los Angeles, CA",41136,13385
14000US06037123103,"Census Tract 1231.03, Los Angeles, CA",41756,2563
14000US06037123104,"Census Tract 1231.04, Los Angeles, CA",41250,4202
14000US06037123203,"Census Tract 1232.03, Los Angeles, CA",36526,5866
14000US06037123204,"Census Tract 1232.04, Los Angeles, CA",35526,9202
14000US06037123205,"Census Tract 1232.05, Los Angeles, CA",41905,5707
14000US06037123206,"Census Tract 1232.06, Los Angeles, CA",32500,6396
14000US06037123301,"Census Tract 1233.01, Los Angeles, CA",53750,11768
14000US06037123303,"Census Tract 1233.03, Los Angeles, CA",33981,8276
14000US06037123304,"Census Tract 1233.04, Los Angeles, CA",36575,5896
14000US06037123410,"Census Tract 1234.10, Los Angeles, CA",43750,10010
14000US06037123420,"Census Tract 1234.20, Los Angeles, CA",41375,5402
14000US06037123510,"Census Tract 1235.10, Los Angeles, CA",45220,3557
14000US06037123520,"Census Tract 1235.20, Los Angeles, CA",50452,9074
14000US06037123601,"Census Tract 1236.01, Los Angeles, CA",60592,9516
14000US06037123602,"Census Tract 1236.02, Los Angeles, CA",53542,8935
14000US06037123700,"Census Tract 1237, Los Angeles, CA",61750,16268
14000US06037123800,"Census Tract 1238, Los Angeles, CA",53707,7719
14000US06037123901,"Census Tract 1239.01, Los Angeles, CA",52559,9157
14000US06037123902,"Census Tract 1239.02, Los Angeles, CA",67431,9029
14000US06037124000,"Census Tract 1240, Los Angeles, CA",84750,14833
14000US06037124102,"Census Tract 1241.02, Los Angeles, CA",46240,2945
14000US06037124103,"Census Tract 1241.03, Los Angeles, CA",42269,5464
14000US06037124104,"Census Tract 1241.04, Los Angeles, CA",37155,9049
14000US06037124105,"Census Tract 1241.05, Los Angeles, CA",41984,2385
14000US06037124201,"Census Tract 1242.01, Los Angeles, CA",50736,10828
14000US06037124203,"Census Tract 1242.03, Los Angeles, CA",50050,6670
14000US06037124204,"Census Tract 1242.04, Los Angeles, CA",33068,9729
14000US06037124300,"Census Tract 1243, Los Angeles, CA",52604,6121
14000US06037124400,"Census Tract 1244, Los Angeles, CA",82819,22983
14000US06037124500,"Census Tract 1245, Los Angeles, CA",89184,5808
14000US06037124600,"Census Tract 1246, Los Angeles, CA",72037,15803
14000US06037124700,"Census Tract 1247, Los Angeles, CA",81129,23800
14000US06037124902,"Census Tract 1249.02, Los Angeles, CA",37949,8483
14000US06037124903,"Census Tract 1249.03, Los Angeles, CA",53201,4897
14000US06037125100,"Census Tract 1251, Los Angeles, CA",63039,11672
14000US06037125200,"Census Tract 1252, Los Angeles, CA",57833,16969
14000US06037125310,"Census Tract 1253.10, Los Angeles, CA",46250,7067
14000US06037125320,"Census Tract 1253.20, Los Angeles, CA",33300,12177
14000US06037125401,"Census Tract 1254.01, Los Angeles, CA",58531,8687
14000US06037125402,"Census Tract 1254.02, Los Angeles, CA",63898,8702
14000US06037125501,"Census Tract 1255.01, Los Angeles, CA",42315,5963
14000US06037125502,"Census Tract 1255.02, Los Angeles, CA",66152,7514
14000US06037125600,"Census Tract 1256, Los Angeles, CA",78920,20114
14000US06037127102,"Census Tract 1271.02, Los Angeles, CA",41484,5270
14000US06037127103,"Census Tract 1271.03, Los Angeles, CA",41310,5287
14000US06037127104,"Census Tract 1271.04, Los Angeles, CA",38125,10048
14000US06037127210,"Census Tract 1272.10, Los Angeles, CA",46842,10157
14000US06037127220,"Census Tract 1272.20, Los Angeles, CA",37570,4656
14000US06037127300,"Census Tract 1273, Los Angeles, CA",54267,11279
14000US06037127400,"Census Tract 1274, Los Angeles, CA",40705,4264
14000US06037127520,"Census Tract 1275.20, Los Angeles, CA",29328,3614
14000US06037127603,"Census Tract 1276.03, Los Angeles, CA",41432,4713
14000US06037127604,"Census Tract 1276.04, Los Angeles, CA",37443,8581
14000US06037127605,"Census Tract 1276.05, Los Angeles, CA",42143,5621
14000US06037127606,"Census Tract 1276.06, Los Angeles, CA",57850,15547
14000US06037127711,"Census Tract 1277.11, Los Angeles, CA",55000,10956
14000US06037127712,"Census Tract 1277.12, Los Angeles, CA",37644,4985
14000US06037127803,"Census Tract 1278.03, Los Angeles, CA",40000,6456
14000US06037127804,"Census Tract 1278.04, Los Angeles, CA",44013,6504
14000US06037127805,"Census Tract 1278.05, Los Angeles, CA",36891,7241
14000US06037127806,"Census Tract 1278.06, Los Angeles, CA",35469,5858
14000US06037127910,"Census Tract 1279.10, Los Angeles, CA",39297,5593
14000US06037127920,"Census Tract 1279.20, Los Angeles, CA",50637,7911
14000US06037128101,"Census Tract 1281.01, Los Angeles, CA",45565,8152
14000US06037128102,"Census Tract 1281.02, Los Angeles, CA",37240,4913
14000US06037128210,"Census Tract 1282.10, Los Angeles, CA",26364,4073
14000US06037128220,"Census Tract 1282.20, Los Angeles, CA",39459,8281
14000US06037128302,"Census Tract 1283.02, Los Angeles, CA",35709,8076
14000US06037128303,"Census Tract 1283.03, Los Angeles, CA",29919,9452
14000US06037128400,"Census Tract 1284, Los Angeles, CA",65777,10492
14000US06037128500,"Census Tract 1285, Los Angeles, CA",62963,8081
14000US06037128601,"Census Tract 1286.01, Los Angeles, CA",43056,11476
14000US06037128602,"Census Tract 1286.02, Los Angeles, CA",88875,23829
14000US06037128702,"Census Tract 1287.02, Los Angeles, CA",67847,12460
14000US06037128801,"Census Tract 1288.01, Los Angeles, CA",62891,7859
14000US06037128802,"Census Tract 1288.02, Los Angeles, CA",79563,9181
14000US06037128910,"Census Tract 1289.10, Los Angeles, CA",84335,17046
14000US06037131010,"Census Tract 1310.10, Los Angeles, CA",49313,11270
14000US06037131020,"Census Tract 1310.20, Los Angeles, CA",55417,11687
14000US06037131100,"Census Tract 1311, Los Angeles, CA",64667,8413
14000US06037131200,"Census Tract 1312, Los Angeles, CA",65854,21377
14000US06037131300,"Census Tract 1313, Los Angeles, CA",65761,9473
14000US06037131400,"Census Tract 1314, Los Angeles, CA",61118,13302
14000US06037131600,"Census Tract 1316, Los Angeles, CA",68529,13541
14000US06037131701,"Census Tract 1317.01, Los Angeles, CA",49387,5988
14000US06037131702,"Census Tract 1317.02, Los Angeles, CA",61958,10205
14000US06037131800,"Census Tract 1318, Los Angeles, CA",63108,9084
14000US06037131900,"Census Tract 1319, Los Angeles, CA",66477,9934
14000US06037132001,"Census Tract 1320.01, Los Angeles, CA",68317,15466
14000US06037132002,"Census Tract 1320.02, Los Angeles, CA",96307,15191
14000US06037132101,"Census Tract 1321.01, Los Angeles, CA",69719,9399
14000US06037132102,"Census Tract 1321.02, Los Angeles, CA",51027,15565
14000US06037132300,"Census Tract 1323, Los Angeles, CA",40607,5678
14000US06037132501,"Census Tract 1325.01, Los Angeles, CA",54470,13198
14000US06037132502,"Census Tract 1325.02, Los Angeles, CA",50588,16356
14000US06037132700,"Census Tract 1327, Los Angeles, CA",58415,12749
14000US06037132900,"Census Tract 1329, Los Angeles, CA",76750,13492
14000US06037133000,"Census Tract 1330, Los Angeles, CA",71250,4999
14000US06037133100,"Census Tract 1331, Los Angeles, CA",51923,7594
14000US06037134001,"Census Tract 1340.01, Los Angeles, CA",50446,10635
14000US06037134002,"Census Tract 1340.02, Los Angeles, CA",55625,13155
14000US06037134101,"Census Tract 1341.01, Los Angeles, CA",77037,13418
14000US06037134103,"Census Tract 1341.03, Los Angeles, CA",68412,9555
14000US06037134104,"Census Tract 1341.04, Los Angeles, CA",58621,14301
14000US06037134201,"Census Tract 1342.01, Los Angeles, CA",95625,13023
14000US06037134302,"Census Tract 1343.02, Los Angeles, CA",83177,19367
14000US06037134303,"Census Tract 1343.03, Los Angeles, CA",85516,18930
14000US06037134304,"Census Tract 1343.04, Los Angeles, CA",69893,7689
14000US06037134305,"Census Tract 1343.05, Los Angeles, CA",38787,5280
14000US06037134306,"Census Tract 1343.06, Los Angeles, CA",75302,10409
14000US06037134421,"Census Tract 1344.21, Los Angeles, CA",124276,17671
14000US06037134422,"Census Tract 1344.22, Los Angeles, CA",103386,4302
14000US06037134423,"Census Tract 1344.23, Los Angeles, CA",97589,16070
14000US06037134424,"Census Tract 1344.24, Los Angeles, CA",136300,8781
14000US06037134520,"Census Tract 1345.20, Los Angeles, CA",41290,9978
14000US06037134521,"Census Tract 1345.21, Los Angeles, CA",49327,7533
14000US06037134522,"Census Tract 1345.22, Los Angeles, CA",34976,3304
14000US06037134710,"Census Tract 1347.10, Los Angeles, CA",44306,6701
14000US06037134720,"Census Tract 1347.20, Los Angeles, CA",61372,6708
14000US06037134800,"Census Tract 1348, Los Angeles, CA",61667,12841
14000US06037134901,"Census Tract 1349.01, Los Angeles, CA",68443,15076
14000US06037134903,"Census Tract 1349.03, Los Angeles, CA",54341,10100
14000US06037134904,"Census Tract 1349.04, Los Angeles, CA",48950,7592
14000US06037134905,"Census Tract 1349.05, Los Angeles, CA",76906,13024
14000US06037135102,"Census Tract 1351.02, Los Angeles, CA",105639,15437
14000US06037135111,"Census Tract 1351.11, Los Angeles, CA",91319,7986
14000US06037135113,"Census Tract 1351.13, Los Angeles, CA",72114,6266
14000US06037135114,"Census Tract 1351.14, Los Angeles, CA",53348,14102
14000US06037135201,"Census Tract 1352.01, Los Angeles, CA",103988,14730
14000US06037135202,"Census Tract 1352.02, Los Angeles, CA",110556,10119
14000US06037135203,"Census Tract 1352.03, Los Angeles, CA",112661,7675
14000US06037137000,"Census Tract 1370, Los Angeles, CA",103750,13875
14000US06037137103,"Census Tract 1371.03, Los Angeles, CA",73355,6051
14000US06037137104,"Census Tract 1371.04, Los Angeles, CA",100858,17795
14000US06037137201,"Census Tract 1372.01, Los Angeles, CA",74936,16656
14000US06037137301,"Census Tract 1373.01, Los Angeles, CA",147292,18350
14000US06037137302,"Census Tract 1373.02, Los Angeles, CA",128087,15408
14000US06037137401,"Census Tract 1374.01, Los Angeles, CA",108500,22306
14000US06037137402,"Census Tract 1374.02, Los Angeles, CA",90547,24356
14000US06037137501,"Census Tract 1375.01, Los Angeles, CA",73949,13317
14000US06037137502,"Census Tract 1375.02, Los Angeles, CA",96964,20560
14000US06037137504,"Census Tract 1375.04, Los Angeles, CA",175313,23790
14000US06037138000,"Census Tract 1380, Los Angeles, CA",119511,25738
14000US06037139001,"Census Tract 1390.01, Los Angeles, CA",78162,19453
14000US06037139200,"Census Tract 1392, Los Angeles, CA",75532,24269
14000US06037139301,"Census Tract 1393.01, Los Angeles, CA",98576,14807
14000US06037139302,"Census Tract 1393.02, Los Angeles, CA",48287,7293
14000US06037139303,"Census Tract 1393.03, Los Angeles, CA",52076,7251
14000US06037139401,"Census Tract 1394.01, Los Angeles, CA",61959,10558
14000US06037139402,"Census Tract 1394.02, Los Angeles, CA",103542,38176
14000US06037139502,"Census Tract 1395.02, Los Angeles, CA",63966,6778
14000US06037139503,"Census Tract 1395.03, Los Angeles, CA",53429,9708
14000US06037139504,"Census Tract 1395.04, Los Angeles, CA",47600,13434
14000US06037139600,"Census Tract 1396, Los Angeles, CA",78019,13675
14000US06037139701,"Census Tract 1397.01, Los Angeles, CA",139243,25216
14000US06037139702,"Census Tract 1397.02, Los Angeles, CA",187891,32527
14000US06037139703,"Census Tract 1397.03, Los Angeles, CA",119410,19287
14000US06037139801,"Census Tract 1398.01, Los Angeles, CA",140875,47802
14000US06037139802,"Census Tract 1398.02, Los Angeles, CA",144531,34740
14000US06037141101,"Census Tract 1411.01, Los Angeles, CA",69317,10301
14000US06037141102,"Census Tract 1411.02, Los Angeles, CA",92773,14300
14000US06037141201,"Census Tract 1412.01, Los Angeles, CA",70089,15217
14000US06037141202,"Census Tract 1412.02, Los Angeles, CA",75179,6636
14000US06037141302,"Census Tract 1413.02, Los Angeles, CA",89128,11178
14000US06037141303,"Census Tract 1413.03, Los Angeles, CA",62500,11951
14000US06037141304,"Census Tract 1413.04, Los Angeles, CA",78359,24049
14000US06037141400,"Census Tract 1414, Los Angeles, CA",94279,14771
14000US06037141500,"Census Tract 1415, Los Angeles, CA",180625,53577
14000US06037141600,"Census Tract 1416, Los Angeles, CA",187470,16767
14000US06037141700,"Census Tract 1417, Los Angeles, CA",186750,14346
14000US06037143100,"Census Tract 1431, Los Angeles, CA",105025,15281
14000US06037143200,"Census Tract 1432, Los Angeles, CA",73077,13134
14000US06037143300,"Census Tract 1433, Los Angeles, CA",78016,21269
14000US06037143400,"Census Tract 1434, Los Angeles, CA",102582,16935
14000US06037143500,"Census Tract 1435, Los Angeles, CA",87464,20389
14000US06037143602,"Census Tract 1436.02, Los Angeles, CA",72995,14180
14000US06037143603,"Census Tract 1436.03, Los Angeles, CA",74141,12279
14000US06037143604,"Census Tract 1436.04, Los Angeles, CA",62407,6926
14000US06037143700,"Census Tract 1437, Los Angeles, CA",120278,35917
14000US06037143800,"Census Tract 1438, Los Angeles, CA",146458,27794
14000US06037143901,"Census Tract 1439.01, Los Angeles, CA",170441,33734
14000US06037143902,"Census Tract 1439.02, Los Angeles, CA",117750,7694
14000US06037181000,"Census Tract 1810, Los Angeles, CA",112891,14642
14000US06037181300,"Census Tract 1813, Los Angeles, CA",89623,10896
14000US06037181400,"Census Tract 1814, Los Angeles, CA",55208,12500
14000US06037181500,"Census Tract 1815, Los Angeles, CA",100347,35837
14000US06037181600,"Census Tract 1816, Los Angeles, CA",73958,12827
14000US06037183101,"Census Tract 1831.01, Los Angeles, CA",69519,20890
14000US06037183103,"Census Tract 1831.03, Los Angeles, CA",54271,6526
14000US06037183104,"Census Tract 1831.04, Los Angeles, CA",69250,10407
14000US06037183220,"Census Tract 1832.20, Los Angeles, CA",52213,3733
14000US06037183221,"Census Tract 1832.21, Los Angeles, CA",57350,11588
14000US06037183222,"Census Tract 1832.22, Los Angeles, CA",63472,23626
14000US06037183300,"Census Tract 1833, Los Angeles, CA",71500,8893
14000US06037183401,"Census Tract 1834.01, Los Angeles, CA",60750,8208
14000US06037183402,"Census Tract 1834.02, Los Angeles, CA",61161,12251
14000US06037183510,"Census Tract 1835.10, Los Angeles, CA",66625,14693
14000US06037183520,"Census Tract 1835.20, Los Angeles, CA",39861,10844
14000US06037183610,"Census Tract 1836.10, Los Angeles, CA",53988,9312
14000US06037183620,"Census Tract 1836.20, Los Angeles, CA",50500,10373
14000US06037183701,"Census Tract 1837.01, Los Angeles, CA",47098,8810
14000US06037183702,"Census Tract 1837.02, Los Angeles, CA",51531,9162
14000US06037183810,"Census Tract 1838.10, Los Angeles, CA",37421,12763
14000US06037183820,"Census Tract 1838.20, Los Angeles, CA",32596,7298
14000US06037185100,"Census Tract 1851, Los Angeles, CA",80268,38639
14000US06037185202,"Census Tract 1852.02, Los Angeles, CA",62044,14035
14000US06037185203,"Census Tract 1852.03, Los Angeles, CA",40208,5374
14000US06037185204,"Census Tract 1852.04, Los Angeles, CA",77120,9255
14000US06037185310,"Census Tract 1853.10, Los Angeles, CA",50724,14785
14000US06037185320,"Census Tract 1853.20, Los Angeles, CA",39868,7760
14000US06037186100,"Census Tract 1861, Los Angeles, CA",85463,13111
14000US06037186201,"Census Tract 1862.01, Los Angeles, CA",59125,14772
14000US06037186202,"Census Tract 1862.02, Los Angeles, CA",88417,18818
14000US06037186203,"Census Tract 1862.03, Los Angeles, CA",97857,22876
14000US06037186301,"Census Tract 1863.01, Los Angeles, CA",38672,6302
14000US06037186302,"Census Tract 1863.02, Los Angeles, CA",63158,15188
14000US06037186401,"Census Tract 1864.01, Los Angeles, CA",38375,8937
14000US06037186403,"Census Tract 1864.03, Los Angeles, CA",53958,12840
14000US06037186404,"Census Tract 1864.04, Los Angeles, CA",56094,17663
14000US06037187101,"Census Tract 1871.01, Los Angeles, CA",78375,13951
14000US06037187102,"Census Tract 1871.02, Los Angeles, CA",54167,10372
14000US06037187200,"Census Tract 1872, Los Angeles, CA",58705,8131
14000US06037187300,"Census Tract 1873, Los Angeles, CA",99911,22083
14000US06037188100,"Census Tract 1881, Los Angeles, CA",56176,8418
14000US06037188201,"Census Tract 1882.01, Los Angeles, CA",69950,9820
14000US06037188202,"Census Tract 1882.02, Los Angeles, CA",107668,15696
14000US06037188300,"Census Tract 1883, Los Angeles, CA",93594,15267
14000US06037189101,"Census Tract 1891.01, Los Angeles, CA",60133,15270
14000US06037189102,"Census Tract 1891.02, Los Angeles, CA",82107,11313
14000US06037189201,"Census Tract 1892.01, Los Angeles, CA",36975,8094
14000US06037189202,"Census Tract 1892.02, Los Angeles, CA",107688,13565
14000US06037189300,"Census Tract 1893, Los Angeles, CA",186000,42992
14000US06037189400,"Census Tract 1894, Los Angeles, CA",123500,29444
14000US06037189500,"Census Tract 1895, Los Angeles, CA",56605,8691
14000US06037189600,"Census Tract 1896, Los Angeles, CA",69475,11829
14000US06037189701,"Census Tract 1897.01, Los Angeles, CA",90968,33823
14000US06037189702,"Census Tract 1897.02, Los Angeles, CA",78750,11495
14000US06037189800,"Census Tract 1898, Los Angeles, CA",62951,6566
14000US06037189902,"Census Tract 1899.02, Los Angeles, CA",52120,10109
14000US06037189903,"Census Tract 1899.03, Los Angeles, CA",50083,7337
14000US06037189904,"Census Tract 1899.04, Los Angeles, CA",45116,3768
14000US06037189905,"Census Tract 1899.05, Los Angeles, CA",60954,11284
14000US06037190100,"Census Tract 1901, Los Angeles, CA",42470,11537
14000US06037190201,"Census Tract 1902.01, Los Angeles, CA",23750,10494
14000US06037190202,"Census Tract 1902.02, Los Angeles, CA",35422,7556
14000US06037190301,"Census Tract 1903.01, Los Angeles, CA",43680,6713
14000US06037190401,"Census Tract 1904.01, Los Angeles, CA",40774,7651
14000US06037190402,"Census Tract 1904.02, Los Angeles, CA",29301,6995
14000US06037190510,"Census Tract 1905.10, Los Angeles, CA",32029,6251
14000US06037190520,"Census Tract 1905.20, Los Angeles, CA",30151,5000
14000US06037190700,"Census Tract 1907, Los Angeles, CA",50350,7969
14000US06037190801,"Census Tract 1908.01, Los Angeles, CA",22793,6189
14000US06037190802,"Census Tract 1908.02, Los Angeles, CA",35556,12855
14000US06037190901,"Census Tract 1909.01, Los Angeles, CA",33211,5596
14000US06037190902,"Census Tract 1909.02, Los Angeles, CA",30923,5312
14000US06037191000,"Census Tract 1910, Los Angeles, CA",42131,11410
14000US06037191110,"Census Tract 1911.10, Los Angeles, CA",36468,3184
14000US06037191120,"Census Tract 1911.20, Los Angeles, CA",36143,4021
14000US06037191201,"Census Tract 1912.01, Los Angeles, CA",42539,5708
14000US06037191203,"Census Tract 1912.03, Los Angeles, CA",28900,5966
14000US06037191204,"Census Tract 1912.04, Los Angeles, CA",36429,8558
14000US06037191301,"Census Tract 1913.01, Los Angeles, CA",47674,12093
14000US06037191302,"Census Tract 1913.02, Los Angeles, CA",39375,11756
14000US06037191410,"Census Tract 1914.10, Los Angeles, CA",32025,4122
14000US06037191420,"Census Tract 1914.20, Los Angeles, CA",53704,12107
14000US06037191500,"Census Tract 1915, Los Angeles, CA",41559,4968
14000US06037191610,"Census Tract 1916.10, Los Angeles, CA",44583,5724
14000US06037191620,"Census Tract 1916.20, Los Angeles, CA",28036,3637
14000US06037191710,"Census Tract 1917.10, Los Angeles, CA",24815,7630
14000US06037191720,"Census Tract 1917.20, Los Angeles, CA",31136,5967
14000US06037191810,"Census Tract 1918.10, Los Angeles, CA",42863,9530
14000US06037191820,"Census Tract 1918.20, Los Angeles, CA",54875,14365
14000US06037191901,"Census Tract 1919.01, Los Angeles, CA",54028,9939
14000US06037191902,"Census Tract 1919.02, Los Angeles, CA",91550,14506
14000US06037192001,"Census Tract 1920.01, Los Angeles, CA",60326,7989
14000US06037192002,"Census Tract 1920.02, Los Angeles, CA",104091,19122
14000US06037192300,"Census Tract 1923, Los Angeles, CA",100000,26721
14000US06037192410,"Census Tract 1924.10, Los Angeles, CA",78333,8162
14000US06037192420,"Census Tract 1924.20, Los Angeles, CA",58227,10379
14000US06037192510,"Census Tract 1925.10, Los Angeles, CA",45577,8331
14000US06037192520,"Census Tract 1925.20, Los Angeles, CA",40510,5072
14000US06037192610,"Census Tract 1926.10, Los Angeles, CA",31577,5031
14000US06037192620,"Census Tract 1926.20, Los Angeles, CA",35236,5806
14000US06037192700,"Census Tract 1927, Los Angeles, CA",44079,12097
14000US06037194101,"Census Tract 1941.01, Los Angeles, CA",81053,12219
14000US06037194102,"Census Tract 1941.02, Los Angeles, CA",124764,21917
14000US06037194200,"Census Tract 1942, Los Angeles, CA",131964,25310
14000US06037194300,"Census Tract 1943, Los Angeles, CA",185188,44279
14000US06037194401,"Census Tract 1944.01, Los Angeles, CA",83191,11219
14000US06037194402,"Census Tract 1944.02, Los Angeles, CA",96552,29587
14000US06037194500,"Census Tract 1945, Los Angeles, CA",98750,17643
14000US06037195100,"Census Tract 1951, Los Angeles, CA",126528,23012
14000US06037195201,"Census Tract 1952.01, Los Angeles, CA",75787,6310
14000US06037195202,"Census Tract 1952.02, Los Angeles, CA",103050,5330
14000US06037195300,"Census Tract 1953, Los Angeles, CA",69145,8672
14000US06037195400,"Census Tract 1954, Los Angeles, CA",93226,14593
14000US06037195500,"Census Tract 1955, Los Angeles, CA",79553,20703
14000US06037195600,"Census Tract 1956, Los Angeles, CA",67778,16174
14000US06037195710,"Census Tract 1957.10, Los Angeles, CA",46125,7355
14000US06037195720,"Census Tract 1957.20, Los Angeles, CA",46023,7987
14000US06037195802,"Census Tract 1958.02, Los Angeles, CA",48309,9343
14000US06037195803,"Census Tract 1958.03, Los Angeles, CA",63261,18660
14000US06037195804,"Census Tract 1958.04, Los Angeles, CA",55662,13994
14000US06037195901,"Census Tract 1959.01, Los Angeles, CA",52341,7329
14000US06037195902,"Census Tract 1959.02, Los Angeles, CA",60050,11423
14000US06037195903,"Census Tract 1959.03, Los Angeles, CA",45708,8867
14000US06037197200,"Census Tract 1972, Los Angeles, CA",55021,10049
14000US06037197300,"Census Tract 1973, Los Angeles, CA",73097,15390
14000US06037197410,"Census Tract 1974.10, Los Angeles, CA",101273,10550
14000US06037197420,"Census Tract 1974.20, Los Angeles, CA",52051,11883
14000US06037197500,"Census Tract 1975, Los Angeles, CA",61313,3217
14000US06037197600,"Census Tract 1976, Los Angeles, CA",54750,11036
14000US06037197700,"Census Tract 1977, Los Angeles, CA",36759,11465
14000US06037199000,"Census Tract 1990, Los Angeles, CA",47250,9928
14000US06037199110,"Census Tract 1991.10, Los Angeles, CA",56250,8185
14000US06037199120,"Census Tract 1991.20, Los Angeles, CA",30893,7561
14000US06037199201,"Census Tract 1992.01, Los Angeles, CA",39009,14534
14000US06037199202,"Census Tract 1992.02, Los Angeles, CA",54688,9605
14000US06037199300,"Census Tract 1993, Los Angeles, CA",57031,9292
14000US06037199400,"Census Tract 1994, Los Angeles, CA",40370,9783
14000US06037199700,"Census Tract 1997, Los Angeles, CA",35000,5105
14000US06037199800,"Census Tract 1998, Los Angeles, CA",31974,7305
14000US06037199900,"Census Tract 1999, Los Angeles, CA",33411,3953
14000US06037201110,"Census Tract 2011.10, Los Angeles, CA",50625,14182
14000US06037201120,"Census Tract 2011.20, Los Angeles, CA",43371,6314
14000US06037201200,"Census Tract 2012, Los Angeles, CA",41295,2933
14000US06037201301,"Census Tract 2013.01, Los Angeles, CA",42986,8060
14000US06037201302,"Census Tract 2013.02, Los Angeles, CA",74634,15309
14000US06037201401,"Census Tract 2014.01, Los Angeles, CA",47639,7421
14000US06037201402,"Census Tract 2014.02, Los Angeles, CA",54655,8693
14000US06037201501,"Census Tract 2015.01, Los Angeles, CA",44764,5620
14000US06037201503,"Census Tract 2015.03, Los Angeles, CA",35625,6837
14000US06037201504,"Census Tract 2015.04, Los Angeles, CA",48906,14754
14000US06037201601,"Census Tract 2016.01, Los Angeles, CA",59265,5253
14000US06037201602,"Census Tract 2016.02, Los Angeles, CA",61458,17645
14000US06037201700,"Census Tract 2017, Los Angeles, CA",58875,13840
14000US06037203100,"Census Tract 2031, Los Angeles, CA",26306,4549
14000US06037203200,"Census Tract 2032, Los Angeles, CA",45785,9756
14000US06037203300,"Census Tract 2033, Los Angeles, CA",31212,7583
14000US06037203500,"Census Tract 2035, Los Angeles, CA",34665,8385
14000US06037203600,"Census Tract 2036, Los Angeles, CA",44239,10571
14000US06037203710,"Census Tract 2037.10, Los Angeles, CA",37962,4130
14000US06037203720,"Census Tract 2037.20, Los Angeles, CA",29173,9016
14000US06037203800,"Census Tract 2038, Los Angeles, CA",38955,7686
14000US06037203900,"Census Tract 2039, Los Angeles, CA",42326,5933
14000US06037204110,"Census Tract 2041.10, Los Angeles, CA",38464,10241
14000US06037204120,"Census Tract 2041.20, Los Angeles, CA",41111,6806
14000US06037204200,"Census Tract 2042, Los Angeles, CA",29972,4523
14000US06037204300,"Census Tract 2043, Los Angeles, CA",31026,5049
14000US06037204410,"Census Tract 2044.10, Los Angeles, CA",32419,10860
14000US06037204420,"Census Tract 2044.20, Los Angeles, CA",25732,3867
14000US06037204600,"Census Tract 2046, Los Angeles, CA",35725,12304
14000US06037204700,"Census Tract 2047, Los Angeles, CA",50458,13813
14000US06037204810,"Census Tract 2048.10, Los Angeles, CA",41037,2860
14000US06037204820,"Census Tract 2048.20, Los Angeles, CA",39598,6133
14000US06037204910,"Census Tract 2049.10, Los Angeles, CA",37176,8483
14000US06037204920,"Census Tract 2049.20, Los Angeles, CA",40871,5581
14000US06037205110,"Census Tract 2051.10, Los Angeles, CA",43063,3833
14000US06037205120,"Census Tract 2051.20, Los Angeles, CA",28558,3548
14000US06037206010,"Census Tract 2060.10, Los Angeles, CA",27669,18654
14000US06037206020,"Census Tract 2060.20, Los Angeles, CA",96719,12738
14000US06037206031,"Census Tract 2060.31, Los Angeles, CA",87500,18167
14000US06037206032,"Census Tract 2060.32, Los Angeles, CA",33750,6267
14000US06037206050,"Census Tract 2060.50, Los Angeles, CA",22121,3623
14000US06037206200,"Census Tract 2062, Los Angeles, CA",20169,4715
14000US06037206300,"Census Tract 2063, Los Angeles, CA",10262,804
14000US06037207101,"Census Tract 2071.01, Los Angeles, CA",38789,6952
14000US06037207102,"Census Tract 2071.02, Los Angeles, CA",22929,6782
14000US06037207103,"Census Tract 2071.03, Los Angeles, CA",23031,5280
14000US06037207301,"Census Tract 2073.01, Los Angeles, CA",46895,10808
14000US06037207302,"Census Tract 2073.02, Los Angeles, CA",40254,7748
14000US06037207400,"Census Tract 2074, Los Angeles, CA",91705,22401
14000US06037207501,"Census Tract 2075.01, Los Angeles, CA",62813,13347
14000US06037207502,"Census Tract 2075.02, Los Angeles, CA",19685,2728
14000US06037207710,"Census Tract 2077.10, Los Angeles, CA",83210,15842
14000US06037207900,"Census Tract 2079, Los Angeles, CA",84882,11731
14000US06037208000,"Census Tract 2080, Los Angeles, CA",35638,8369
14000US06037208301,"Census Tract 2083.01, Los Angeles, CA",41518,12847
14000US06037208302,"Census Tract 2083.02, Los Angeles, CA",31845,3894
14000US06037208401,"Census Tract 2084.01, Los Angeles, CA",26153,2778
14000US06037208402,"Census Tract 2084.02, Los Angeles, CA",41143,5781
14000US06037208501,"Census Tract 2085.01, Los Angeles, CA",50648,11443
14000US06037208502,"Census Tract 2085.02, Los Angeles, CA",32485,5519
14000US06037208610,"Census Tract 2086.10, Los Angeles, CA",40278,8771
14000US06037208620,"Census Tract 2086.20, Los Angeles, CA",36678,5754
14000US06037208710,"Census Tract 2087.10, Los Angeles, CA",56745,3784
14000US06037208720,"Census Tract 2087.20, Los Angeles, CA",27233,4003
14000US06037208801,"Census Tract 2088.01, Los Angeles, CA",30225,6009
14000US06037208802,"Census Tract 2088.02, Los Angeles, CA",34226,9192
14000US06037208902,"Census Tract 2089.02, Los Angeles, CA",32413,3145
14000US06037208903,"Census Tract 2089.03, Los Angeles, CA",30096,7772
14000US06037208904,"Census Tract 2089.04, Los Angeles, CA",25590,5488
14000US06037209102,"Census Tract 2091.02, Los Angeles, CA",22948,3247
14000US06037209103,"Census Tract 2091.03, Los Angeles, CA",26336,2603
14000US06037209104,"Census Tract 2091.04, Los Angeles, CA",21907,2823
14000US06037209200,"Census Tract 2092, Los Angeles, CA",45093,9088
14000US06037209300,"Census Tract 2093, Los Angeles, CA",24684,4157
14000US06037209401,"Census Tract 2094.01, Los Angeles, CA",21380,3046
14000US06037209402,"Census Tract 2094.02, Los Angeles, CA",24813,7267
14000US06037209403,"Census Tract 2094.03, Los Angeles, CA",18433,3105
14000US06037209510,"Census Tract 2095.10, Los Angeles, CA",29199,4342
14000US06037209520,"Census Tract 2095.20, Los Angeles, CA",28077,5107
14000US06037209810,"Census Tract 2098.10, Los Angeles, CA",30027,3949
14000US06037209820,"Census Tract 2098.20, Los Angeles, CA",23705,3065
14000US06037210010,"Census Tract 2100.10, Los Angeles, CA",25755,4830
14000US06037211000,"Census Tract 2110, Los Angeles, CA",134000,17955
14000US06037211120,"Census Tract 2111.20, Los Angeles, CA",41134,8148
14000US06037211121,"Census Tract 2111.21, Los Angeles, CA",47269,8080
14000US06037211122,"Census Tract 2111.22, Los Angeles, CA",50104,4929
14000US06037211201,"Census Tract 2112.01, Los Angeles, CA",41767,2934
14000US06037211202,"Census Tract 2112.02, Los Angeles, CA",34636,3197
14000US06037211310,"Census Tract 2113.10, Los Angeles, CA",37294,2839
14000US06037211320,"Census Tract 2113.20, Los Angeles, CA",32182,8081
14000US06037211410,"Census Tract 2114.10, Los Angeles, CA",42135,11427
14000US06037211420,"Census Tract 2114.20, Los Angeles, CA",41172,6201
14000US06037211500,"Census Tract 2115, Los Angeles, CA",56250,12737
14000US06037211701,"Census Tract 2117.01, Los Angeles, CA",57973,10865
14000US06037211703,"Census Tract 2117.03, Los Angeles, CA",49036,6443
14000US06037211704,"Census Tract 2117.04, Los Angeles, CA",32455,5739
14000US06037211802,"Census Tract 2118.02, Los Angeles, CA",36795,4281
14000US06037211803,"Census Tract 2118.03, Los Angeles, CA",45192,8153
14000US06037211804,"Census Tract 2118.04, Los Angeles, CA",36452,6074
14000US06037211910,"Census Tract 2119.10, Los Angeles, CA",43116,4004
14000US06037211921,"Census Tract 2119.21, Los Angeles, CA",35334,5450
14000US06037211922,"Census Tract 2119.22, Los Angeles, CA",42364,6561
14000US06037212101,"Census Tract 2121.01, Los Angeles, CA",49258,9804
14000US06037212102,"Census Tract 2121.02, Los Angeles, CA",27781,9116
14000US06037212202,"Census Tract 2122.02, Los Angeles, CA",33409,4261
14000US06037212203,"Census Tract 2122.03, Los Angeles, CA",23521,4122
14000US06037212204,"Census Tract 2122.04, Los Angeles, CA",26500,6570
14000US06037212303,"Census Tract 2123.03, Los Angeles, CA",31215,2664
14000US06037212304,"Census Tract 2123.04, Los Angeles, CA",26786,4157
14000US06037212305,"Census Tract 2123.05, Los Angeles, CA",37406,4296
14000US06037212306,"Census Tract 2123.06, Los Angeles, CA",32543,3519
14000US06037212410,"Census Tract 2124.10, Los Angeles, CA",41906,6897
14000US06037212420,"Census Tract 2124.20, Los Angeles, CA",31250,12539
14000US06037212501,"Census Tract 2125.01, Los Angeles, CA",36709,3399
14000US06037212502,"Census Tract 2125.02, Los Angeles, CA",44178,10842
14000US06037212610,"Census Tract 2126.10, Los Angeles, CA",40801,7352
14000US06037212620,"Census Tract 2126.20, Los Angeles, CA",36708,3908
14000US06037212701,"Census Tract 2127.01, Los Angeles, CA",49653,8505
14000US06037212702,"Census Tract 2127.02, Los Angeles, CA",68750,8918
14000US06037212800,"Census Tract 2128, Los Angeles, CA",47614,15387
14000US06037212900,"Census Tract 2129, Los Angeles, CA",40296,4607
14000US06037213100,"Census Tract 2131, Los Angeles, CA",38616,6261
14000US06037213201,"Census Tract 2132.01, Los Angeles, CA",35447,5070
14000US06037213202,"Census Tract 2132.02, Los Angeles, CA",35410,3586
14000US06037213310,"Census Tract 2133.10, Los Angeles, CA",47629,13067
14000US06037213320,"Census Tract 2133.20, Los Angeles, CA",29879,6609
14000US06037213401,"Census Tract 2134.01, Los Angeles, CA",31467,2955
14000US06037213402,"Census Tract 2134.02, Los Angeles, CA",35901,4804
14000US06037214000,"Census Tract 2140, Los Angeles, CA",104735,24944
14000US06037214100,"Census Tract 2141, Los Angeles, CA",89196,24237
14000US06037214400,"Census Tract 2144, Los Angeles, CA",70174,6501
14000US06037214501,"Census Tract 2145.01, Los Angeles, CA",86438,12224
14000US06037214502,"Census Tract 2145.02, Los Angeles, CA",64961,19180
14000US06037214503,"Census Tract 2145.03, Los Angeles, CA",72202,6840
14000US06037214600,"Census Tract 2146, Los Angeles, CA",102892,11151
14000US06037214700,"Census Tract 2147, Los Angeles, CA",95677,20521
14000US06037214800,"Census Tract 2148, Los Angeles, CA",97214,8275
14000US06037214901,"Census Tract 2149.01, Los Angeles, CA",60525,11046
14000US06037214902,"Census Tract 2149.02, Los Angeles, CA",70795,16490
14000US06037215101,"Census Tract 2151.01, Los Angeles, CA",61609,4960
14000US06037215102,"Census Tract 2151.02, Los Angeles, CA",61368,14274
14000US06037216100,"Census Tract 2161, Los Angeles, CA",98102,13091
14000US06037216200,"Census Tract 2162, Los Angeles, CA",92823,19828
14000US06037216300,"Census Tract 2163, Los Angeles, CA",86190,15605
14000US06037216401,"Census Tract 2164.01, Los Angeles, CA",49395,18308
14000US06037216402,"Census Tract 2164.02, Los Angeles, CA",75074,12124
14000US06037216700,"Census Tract 2167, Los Angeles, CA",65234,8222
14000US06037216800,"Census Tract 2168, Los Angeles, CA",84261,10403
14000US06037216900,"Census Tract 2169, Los Angeles, CA",65750,22139
14000US06037217001,"Census Tract 2170.01, Los Angeles, CA",73603,17737
14000US06037217002,"Census Tract 2170.02, Los Angeles, CA",74215,4086
14000US06037217100,"Census Tract 2171, Los Angeles, CA",65568,14071
14000US06037217200,"Census Tract 2172, Los Angeles, CA",61131,14075
14000US06037218110,"Census Tract 2181.10, Los Angeles, CA",41897,8548
14000US06037218120,"Census Tract 2181.20, Los Angeles, CA",37604,6695
14000US06037218210,"Census Tract 2182.10, Los Angeles, CA",33034,3670
14000US06037218220,"Census Tract 2182.20, Los Angeles, CA",42347,8788
14000US06037218300,"Census Tract 2183, Los Angeles, CA",44911,13801
14000US06037218400,"Census Tract 2184, Los Angeles, CA",45184,10987
14000US06037218500,"Census Tract 2185, Los Angeles, CA",41410,5487
14000US06037218600,"Census Tract 2186, Los Angeles, CA",46786,14975
14000US06037218701,"Census Tract 2187.01, Los Angeles, CA",55154,11649
14000US06037218702,"Census Tract 2187.02, Los Angeles, CA",32218,8153
14000US06037218800,"Census Tract 2188, Los Angeles, CA",46936,6171
14000US06037218900,"Census Tract 2189, Los Angeles, CA",35491,2787
14000US06037219010,"Census Tract 2190.10, Los Angeles, CA",54450,10721
14000US06037219020,"Census Tract 2190.20, Los Angeles, CA",36350,12142
14000US06037219300,"Census Tract 2193, Los Angeles, CA",31190,6444
14000US06037219500,"Census Tract 2195, Los Angeles, CA",71400,16395
14000US06037219700,"Census Tract 2197, Los Angeles, CA",43243,10627
14000US06037219800,"Census Tract 2198, Los Angeles, CA",31212,6451
14000US06037219901,"Census Tract 2199.01, Los Angeles, CA",29680,6408
14000US06037219902,"Census Tract 2199.02, Los Angeles, CA",44766,9366
14000US06037220000,"Census Tract 2200, Los Angeles, CA",43134,7322
14000US06037220100,"Census Tract 2201, Los Angeles, CA",51768,23494
14000US06037221110,"Census Tract 2211.10, Los Angeles, CA",31099,3670
14000US06037221120,"Census Tract 2211.20, Los Angeles, CA",34570,3228
14000US06037221210,"Census Tract 2212.10, Los Angeles, CA",37535,7363
14000US06037221220,"Census Tract 2212.20, Los Angeles, CA",40391,6696
14000US06037221302,"Census Tract 2213.02, Los Angeles, CA",39849,6939
14000US06037221303,"Census Tract 2213.03, Los Angeles, CA",31349,4010
14000US06037221304,"Census Tract 2213.04, Los Angeles, CA",34375,12120
14000US06037221401,"Census Tract 2214.01, Los Angeles, CA",21545,1402
14000US06037221402,"Census Tract 2214.02, Los Angeles, CA",34250,12293
14000US06037221500,"Census Tract 2215, Los Angeles, CA",29271,10936
14000US06037221601,"Census Tract 2216.01, Los Angeles, CA",32974,8128
14000US06037221602,"Census Tract 2216.02, Los Angeles, CA",24063,3774
14000US06037221710,"Census Tract 2217.10, Los Angeles, CA",33388,6367
14000US06037221810,"Census Tract 2218.10, Los Angeles, CA",16389,6372
14000US06037221820,"Census Tract 2218.20, Los Angeles, CA",15282,7077
14000US06037221900,"Census Tract 2219, Los Angeles, CA",12014,2495
14000US06037222001,"Census Tract 2220.01, Los Angeles, CA",51838,12100
14000US06037222002,"Census Tract 2220.02, Los Angeles, CA",41625,10738
14000US06037222100,"Census Tract 2221, Los Angeles, CA",44432,8825
14000US06037222200,"Census Tract 2222, Los Angeles, CA",36250,4974
14000US06037222500,"Census Tract 2225, Los Angeles, CA",39654,7168
14000US06037222600,"Census Tract 2226, Los Angeles, CA",25742,3521
14000US06037222700,"Census Tract 2227, Los Angeles, CA",5682,4022
14000US06037224010,"Census Tract 2240.10, Los Angeles, CA",19848,3584
14000US06037224020,"Census Tract 2240.20, Los Angeles, CA",21627,2916
14000US06037224200,"Census Tract 2242, Los Angeles, CA",22634,5037
14000US06037224310,"Census Tract 2243.10, Los Angeles, CA",28710,5684
14000US06037224320,"Census Tract 2243.20, Los Angeles, CA",30998,3479
14000US06037224410,"Census Tract 2244.10, Los Angeles, CA",30148,7190
14000US06037224420,"Census Tract 2244.20, Los Angeles, CA",21402,5685
14000US06037224600,"Census Tract 2246, Los Angeles, CA",39958,5914
14000US06037224700,"Census Tract 2247, Los Angeles, CA",11585,1977
14000US06037226001,"Census Tract 2260.01, Los Angeles, CA",38882,14305
14000US06037226002,"Census Tract 2260.02, Los Angeles, CA",27750,13485
14000US06037226410,"Census Tract 2264.10, Los Angeles, CA",35543,4232
14000US06037226420,"Census Tract 2264.20, Los Angeles, CA",29595,5458
14000US06037226700,"Census Tract 2267, Los Angeles, CA",35524,7370
14000US06037227010,"Census Tract 2270.10, Los Angeles, CA",40023,16355
14000US06037227020,"Census Tract 2270.20, Los Angeles, CA",37803,8383
14000US06037228100,"Census Tract 2281, Los Angeles, CA",43429,7936
14000US06037228210,"Census Tract 2282.10, Los Angeles, CA",30491,4535
14000US06037228220,"Census Tract 2282.20, Los Angeles, CA",35403,3250
14000US06037228310,"Census Tract 2283.10, Los Angeles, CA",41102,4195
14000US06037228320,"Census Tract 2283.20, Los Angeles, CA",29338,6297
14000US06037228410,"Census Tract 2284.10, Los Angeles, CA",39831,4561
14000US06037228420,"Census Tract 2284.20, Los Angeles, CA",31328,4764
14000US06037228500,"Census Tract 2285, Los Angeles, CA",30908,2685
14000US06037228600,"Census Tract 2286, Los Angeles, CA",33384,7768
14000US06037228710,"Census Tract 2287.10, Los Angeles, CA",30690,4456
14000US06037228720,"Census Tract 2287.20, Los Angeles, CA",36176,5052
14000US06037228800,"Census Tract 2288, Los Angeles, CA",32415,7360
14000US06037228900,"Census Tract 2289, Los Angeles, CA",17241,4964
14000US06037229100,"Census Tract 2291, Los Angeles, CA",43914,2989
14000US06037229200,"Census Tract 2292, Los Angeles, CA",30560,9602
14000US06037229300,"Census Tract 2293, Los Angeles, CA",30958,3381
14000US06037229410,"Census Tract 2294.10, Los Angeles, CA",27060,5058
14000US06037229420,"Census Tract 2294.20, Los Angeles, CA",34858,7014
14000US06037231100,"Census Tract 2311, Los Angeles, CA",26328,6044
14000US06037231210,"Census Tract 2312.10, Los Angeles, CA",28646,6878
14000US06037231220,"Census Tract 2312.20, Los Angeles, CA",25511,5823
14000US06037231300,"Census Tract 2313, Los Angeles, CA",39148,14930
14000US06037231400,"Census Tract 2314, Los Angeles, CA",39234,7814
14000US06037231500,"Census Tract 2315, Los Angeles, CA",47596,6528
14000US06037231600,"Census Tract 2316, Los Angeles, CA",40401,6467
14000US06037231710,"Census Tract 2317.10, Los Angeles, CA",26176,9465
14000US06037231720,"Census Tract 2317.20, Los Angeles, CA",29920,8307
14000US06037231800,"Census Tract 2318, Los Angeles, CA",29902,5122
14000US06037231900,"Census Tract 2319, Los Angeles, CA",29457,3979
14000US06037232110,"Census Tract 2321.10, Los Angeles, CA",29566,4297
14000US06037232120,"Census Tract 2321.20, Los Angeles, CA",33205,3429
14000US06037232200,"Census Tract 2322, Los Angeles, CA",34207,8423
14000US06037232300,"Census Tract 2323, Los Angeles, CA",42838,10491
14000US06037232400,"Census Tract 2324, Los Angeles, CA",38952,7796
14000US06037232500,"Census Tract 2325, Los Angeles, CA",34659,9134
14000US06037232600,"Census Tract 2326, Los Angeles, CA",27309,5080
14000US06037232700,"Census Tract 2327, Los Angeles, CA",35577,3925
14000US06037232800,"Census Tract 2328, Los Angeles, CA",30640,4909
14000US06037234000,"Census Tract 2340, Los Angeles, CA",56442,11195
14000US06037234200,"Census Tract 2342, Los Angeles, CA",60993,15488
14000US06037234300,"Census Tract 2343, Los Angeles, CA",41444,10034
14000US06037234501,"Census Tract 2345.01, Los Angeles, CA",37778,8867
14000US06037234502,"Census Tract 2345.02, Los Angeles, CA",24387,9328
14000US06037234600,"Census Tract 2346, Los Angeles, CA",41754,11799
14000US06037234700,"Census Tract 2347, Los Angeles, CA",38325,10545
14000US06037234800,"Census Tract 2348, Los Angeles, CA",52679,8521
14000US06037234901,"Census Tract 2349.01, Los Angeles, CA",16386,3061
14000US06037234902,"Census Tract 2349.02, Los Angeles, CA",25893,7315
14000US06037235100,"Census Tract 2351, Los Angeles, CA",70893,16580
14000US06037235201,"Census Tract 2352.01, Los Angeles, CA",41678,14032
14000US06037235202,"Census Tract 2352.02, Los Angeles, CA",27500,4701
14000US06037236000,"Census Tract 2360, Los Angeles, CA",73087,14020
14000US06037236100,"Census Tract 2361, Los Angeles, CA",21742,2956
14000US06037236202,"Census Tract 2362.02, Los Angeles, CA",28780,4868
14000US06037236203,"Census Tract 2362.03, Los Angeles, CA",27092,7304
14000US06037236204,"Census Tract 2362.04, Los Angeles, CA",23491,5650
14000US06037236400,"Census Tract 2364, Los Angeles, CA",53611,14892
14000US06037237101,"Census Tract 2371.01, Los Angeles, CA",30530,4243
14000US06037237102,"Census Tract 2371.02, Los Angeles, CA",32500,5411
14000US06037237201,"Census Tract 2372.01, Los Angeles, CA",41858,7223
14000US06037237202,"Census Tract 2372.02, Los Angeles, CA",40511,11396
14000US06037237300,"Census Tract 2373, Los Angeles, CA",32222,2830
14000US06037237401,"Census Tract 2374.01, Los Angeles, CA",33661,8630
14000US06037237402,"Census Tract 2374.02, Los Angeles, CA",34719,3179
14000US06037237500,"Census Tract 2375, Los Angeles, CA",31520,5662
14000US06037237600,"Census Tract 2376, Los Angeles, CA",37841,14736
14000US06037237710,"Census Tract 2377.10, Los Angeles, CA",26694,5980
14000US06037237720,"Census Tract 2377.20, Los Angeles, CA",31335,7652
14000US06037237800,"Census Tract 2378, Los Angeles, CA",41406,7569
14000US06037237900,"Census Tract 2379, Los Angeles, CA",43560,11087
14000US06037238000,"Census Tract 2380, Los Angeles, CA",60015,26126
14000US06037238100,"Census Tract 2381, Los Angeles, CA",44773,11377
14000US06037238200,"Census Tract 2382, Los Angeles, CA",46875,10448
14000US06037238310,"Census Tract 2383.10, Los Angeles, CA",24203,5068
14000US06037238320,"Census Tract 2383.20, Los Angeles, CA",25608,6513
14000US06037238400,"Census Tract 2384, Los Angeles, CA",50774,15864
14000US06037239201,"Census Tract 2392.01, Los Angeles, CA",34418,3799
14000US06037239202,"Census Tract 2392.02, Los Angeles, CA",31716,7986
14000US06037239310,"Census Tract 2393.10, Los Angeles, CA",34792,5765
14000US06037239320,"Census Tract 2393.20, Los Angeles, CA",40278,6771
14000US06037239330,"Census Tract 2393.30, Los Angeles, CA",35656,5684
14000US06037239501,"Census Tract 2395.01, Los Angeles, CA",37692,6226
14000US06037239502,"Census Tract 2395.02, Los Angeles, CA",29708,5617
14000US06037239601,"Census Tract 2396.01, Los Angeles, CA",34048,5217
14000US06037239602,"Census Tract 2396.02, Los Angeles, CA",33750,4747
14000US06037239701,"Census Tract 2397.01, Los Angeles, CA",32938,7966
14000US06037239702,"Census Tract 2397.02, Los Angeles, CA",38281,12844
14000US06037239801,"Census Tract 2398.01, Los Angeles, CA",32368,10879
14000US06037239802,"Census Tract 2398.02, Los Angeles, CA",34762,6405
14000US06037240010,"Census Tract 2400.10, Los Angeles, CA",29971,4292
14000US06037240020,"Census Tract 2400.20, Los Angeles, CA",41161,9510
14000US06037240200,"Census Tract 2402, Los Angeles, CA",31676,10200
14000US06037240300,"Census Tract 2403, Los Angeles, CA",25067,6458
14000US06037240401,"Census Tract 2404.01, Los Angeles, CA",29810,7146
14000US06037240402,"Census Tract 2404.02, Los Angeles, CA",33705,5561
14000US06037240500,"Census Tract 2405, Los Angeles, CA",30313,11155
14000US06037240600,"Census Tract 2406, Los Angeles, CA",36038,6398
14000US06037240700,"Census Tract 2407, Los Angeles, CA",41763,4793
14000US06037240800,"Census Tract 2408, Los Angeles, CA",35760,3899
14000US06037240900,"Census Tract 2409, Los Angeles, CA",35753,8710
14000US06037241001,"Census Tract 2410.01, Los Angeles, CA",37917,9088
14000US06037241002,"Census Tract 2410.02, Los Angeles, CA",39837,13088
14000US06037241110,"Census Tract 2411.10, Los Angeles, CA",36141,8541
14000US06037241120,"Census Tract 2411.20, Los Angeles, CA",24945,8271
14000US06037241201,"Census Tract 2412.01, Los Angeles, CA",37092,11034
14000US06037241202,"Census Tract 2412.02, Los Angeles, CA",33625,7192
14000US06037241300,"Census Tract 2413, Los Angeles, CA",33281,14699
14000US06037241400,"Census Tract 2414, Los Angeles, CA",30042,4192
14000US06037242000,"Census Tract 2420, Los Angeles, CA",36122,5721
14000US06037242100,"Census Tract 2421, Los Angeles, CA",15385,4031
14000US06037242200,"Census Tract 2422, Los Angeles, CA",26196,4499
14000US06037242300,"Census Tract 2423, Los Angeles, CA",27927,9600
14000US06037242600,"Census Tract 2426, Los Angeles, CA",16234,3930
14000US06037242700,"Census Tract 2427, Los Angeles, CA",33568,6089
14000US06037243000,"Census Tract 2430, Los Angeles, CA",46850,6821
14000US06037243100,"Census Tract 2431, Los Angeles, CA",23606,5597
14000US06037261101,"Census Tract 2611.01, Los Angeles, CA",210486,31771
14000US06037261102,"Census Tract 2611.02, Los Angeles, CA",175000,46495
14000US06037261200,"Census Tract 2612, Los Angeles, CA",164844,35795
14000US06037262100,"Census Tract 2621, Los Angeles, CA",184107,58200
14000US06037262200,"Census Tract 2622, Los Angeles, CA",175491,46085
14000US06037262301,"Census Tract 2623.01, Los Angeles, CA",218750,54829
14000US06037262302,"Census Tract 2623.02, Los Angeles, CA",161645,36024
14000US06037262303,"Census Tract 2623.03, Los Angeles, CA",221635,53754
14000US06037262400,"Census Tract 2624, Los Angeles, CA",250001,0
14000US06037262501,"Census Tract 2625.01, Los Angeles, CA",192917,80493
14000US06037262601,"Census Tract 2626.01, Los Angeles, CA",208482,44666
14000US06037262604,"Census Tract 2626.04, Los Angeles, CA",190217,33965
14000US06037262704,"Census Tract 2627.04, Los Angeles, CA",111579,26164
14000US06037262706,"Census Tract 2627.06, Los Angeles, CA",188646,48850
14000US06037262802,"Census Tract 2628.02, Los Angeles, CA",214032,13213
14000US06037264000,"Census Tract 2640, Los Angeles, CA",215560,41820
14000US06037264102,"Census Tract 2641.02, Los Angeles, CA",97500,15165
14000US06037264103,"Census Tract 2641.03, Los Angeles, CA",88068,18908
14000US06037264301,"Census Tract 2643.01, Los Angeles, CA",90967,6932
14000US06037264302,"Census Tract 2643.02, Los Angeles, CA",90451,9149
14000US06037265100,"Census Tract 2651, Los Angeles, CA",105543,22745
14000US06037265201,"Census Tract 2652.01, Los Angeles, CA",66250,43263
14000US06037265202,"Census Tract 2652.02, Los Angeles, CA",76037,31921
14000US06037265301,"Census Tract 2653.01, Los Angeles, CA",0,0
14000US06037265303,"Census Tract 2653.03, Los Angeles, CA",15924,2956
14000US06037265304,"Census Tract 2653.04, Los Angeles, CA",18186,4884
14000US06037265305,"Census Tract 2653.05, Los Angeles, CA",18150,13111
14000US06037265410,"Census Tract 2654.10, Los Angeles, CA",133711,28476
14000US06037265420,"Census Tract 2654.20, Los Angeles, CA",171000,53377
14000US06037265510,"Census Tract 2655.10, Los Angeles, CA",43073,8545
14000US06037265520,"Census Tract 2655.20, Los Angeles, CA",96364,14364
14000US06037265601,"Census Tract 2656.01, Los Angeles, CA",104116,15519
14000US06037265602,"Census Tract 2656.02, Los Angeles, CA",111659,13285
14000US06037265700,"Census Tract 2657, Los Angeles, CA",84327,26931
14000US06037267100,"Census Tract 2671, Los Angeles, CA",85396,11451
14000US06037267200,"Census Tract 2672, Los Angeles, CA",86538,21491
14000US06037267300,"Census Tract 2673, Los Angeles, CA",61290,11055
14000US06037267402,"Census Tract 2674.02, Los Angeles, CA",66076,13584
14000US06037267403,"Census Tract 2674.03, Los Angeles, CA",81823,14553
14000US06037267404,"Census Tract 2674.04, Los Angeles, CA",87813,25499
14000US06037267501,"Census Tract 2675.01, Los Angeles, CA",75780,13557
14000US06037267502,"Census Tract 2675.02, Los Angeles, CA",80313,8430
14000US06037267600,"Census Tract 2676, Los Angeles, CA",68510,19493
14000US06037267700,"Census Tract 2677, Los Angeles, CA",84608,10558
14000US06037267800,"Census Tract 2678, Los Angeles, CA",70938,12762
14000US06037267901,"Census Tract 2679.01, Los Angeles, CA",123889,44076
14000US06037267902,"Census Tract 2679.02, Los Angeles, CA",107841,25110
14000US06037269000,"Census Tract 2690, Los Angeles, CA",116613,17206
14000US06037269100,"Census Tract 2691, Los Angeles, CA",81736,12770
14000US06037269300,"Census Tract 2693, Los Angeles, CA",155972,28277
14000US06037269500,"Census Tract 2695, Los Angeles, CA",167000,35636
14000US06037269601,"Census Tract 2696.01, Los Angeles, CA",46474,6646
14000US06037269602,"Census Tract 2696.02, Los Angeles, CA",57306,8134
14000US06037269700,"Census Tract 2697, Los Angeles, CA",80417,19024
14000US06037269800,"Census Tract 2698, Los Angeles, CA",59444,13756
14000US06037269903,"Census Tract 2699.03, Los Angeles, CA",57847,18413
14000US06037269904,"Census Tract 2699.04, Los Angeles, CA",62634,13109
14000US06037269905,"Census Tract 2699.05, Los Angeles, CA",63603,5132
14000US06037269906,"Census Tract 2699.06, Los Angeles, CA",75434,11065
14000US06037269907,"Census Tract 2699.07, Los Angeles, CA",63919,9144
14000US06037270100,"Census Tract 2701, Los Angeles, CA",61745,13143
14000US06037270200,"Census Tract 2702, Los Angeles, CA",62826,11293
14000US06037270300,"Census Tract 2703, Los Angeles, CA",72326,7422
14000US06037271100,"Census Tract 2711, Los Angeles, CA",89688,16090
14000US06037271200,"Census Tract 2712, Los Angeles, CA",67152,14308
14000US06037271300,"Census Tract 2713, Los Angeles, CA",91411,18513
14000US06037271400,"Census Tract 2714, Los Angeles, CA",110179,15720
14000US06037271500,"Census Tract 2715, Los Angeles, CA",93009,12968
14000US06037271600,"Census Tract 2716, Los Angeles, CA",82586,10407
14000US06037271701,"Census Tract 2717.01, Los Angeles, CA",90045,13275
14000US06037271702,"Census Tract 2717.02, Los Angeles, CA",58665,13008
14000US06037271801,"Census Tract 2718.01, Los Angeles, CA",54306,11604
14000US06037271802,"Census Tract 2718.02, Los Angeles, CA",61731,6284
14000US06037271901,"Census Tract 2719.01, Los Angeles, CA",86094,19907
14000US06037271902,"Census Tract 2719.02, Los Angeles, CA",70200,10034
14000US06037272100,"Census Tract 2721, Los Angeles, CA",88192,9752
14000US06037272201,"Census Tract 2722.01, Los Angeles, CA",58482,13095
14000US06037272202,"Census Tract 2722.02, Los Angeles, CA",58689,5173
14000US06037272301,"Census Tract 2723.01, Los Angeles, CA",70966,9681
14000US06037272302,"Census Tract 2723.02, Los Angeles, CA",59867,9285
14000US06037273100,"Census Tract 2731, Los Angeles, CA",118958,25925
14000US06037273200,"Census Tract 2732, Los Angeles, CA",83426,8281
14000US06037273300,"Census Tract 2733, Los Angeles, CA",68802,12881
14000US06037273402,"Census Tract 2734.02, Los Angeles, CA",62809,36222
14000US06037273502,"Census Tract 2735.02, Los Angeles, CA",69225,19439
14000US06037273600,"Census Tract 2736, Los Angeles, CA",120938,21700
14000US06037273700,"Census Tract 2737, Los Angeles, CA",107568,32447
14000US06037273800,"Census Tract 2738, Los Angeles, CA",94417,11495
14000US06037273902,"Census Tract 2739.02, Los Angeles, CA",113125,37148
14000US06037274100,"Census Tract 2741, Los Angeles, CA",106968,9055
14000US06037274202,"Census Tract 2742.02, Los Angeles, CA",94766,40551
14000US06037275101,"Census Tract 2751.01, Los Angeles, CA",79514,8043
14000US06037275102,"Census Tract 2751.02, Los Angeles, CA",53500,7316
14000US06037275200,"Census Tract 2752, Los Angeles, CA",56573,15904
14000US06037275302,"Census Tract 2753.02, Los Angeles, CA",83606,14825
14000US06037275311,"Census Tract 2753.11, Los Angeles, CA",86031,8529
14000US06037275400,"Census Tract 2754, Los Angeles, CA",136860,12806
14000US06037275500,"Census Tract 2755, Los Angeles, CA",37301,8027
14000US06037275602,"Census Tract 2756.02, Los Angeles, CA",121833,14438
14000US06037275603,"Census Tract 2756.03, Los Angeles, CA",70078,16720
14000US06037276000,"Census Tract 2760, Los Angeles, CA",116613,14447
14000US06037276100,"Census Tract 2761, Los Angeles, CA",63344,7915
14000US06037276400,"Census Tract 2764, Los Angeles, CA",109107,28540
14000US06037276500,"Census Tract 2765, Los Angeles, CA",87422,14585
14000US06037276601,"Census Tract 2766.01, Los Angeles, CA",116875,27965
14000US06037276603,"Census Tract 2766.03, Los Angeles, CA",79688,18126
14000US06037276604,"Census Tract 2766.04, Los Angeles, CA",76554,16324
14000US06037277000,"Census Tract 2770, Los Angeles, CA",142688,16558
14000US06037277100,"Census Tract 2771, Los Angeles, CA",123750,14846
14000US06037277200,"Census Tract 2772, Los Angeles, CA",63139,8505
14000US06037277400,"Census Tract 2774, Los Angeles, CA",38981,9152
14000US06037278001,"Census Tract 2780.01, Los Angeles, CA",92900,21057
14000US06037278102,"Census Tract 2781.02, Los Angeles, CA",155694,33712
14000US06037291110,"Census Tract 2911.10, Los Angeles, CA",41509,7196
14000US06037291120,"Census Tract 2911.20, Los Angeles, CA",42011,5686
14000US06037291130,"Census Tract 2911.30, Los Angeles, CA",55956,5612
14000US06037291210,"Census Tract 2912.10, Los Angeles, CA",50000,14913
14000US06037291220,"Census Tract 2912.20, Los Angeles, CA",50642,7622
14000US06037291300,"Census Tract 2913, Los Angeles, CA",74375,13164
14000US06037292000,"Census Tract 2920, Los Angeles, CA",36799,6829
14000US06037293201,"Census Tract 2932.01, Los Angeles, CA",54420,10623
14000US06037293202,"Census Tract 2932.02, Los Angeles, CA",36059,5800
14000US06037293301,"Census Tract 2933.01, Los Angeles, CA",79855,5441
14000US06037293302,"Census Tract 2933.02, Los Angeles, CA",66094,17705
14000US06037293304,"Census Tract 2933.04, Los Angeles, CA",54740,12904
14000US06037293306,"Census Tract 2933.06, Los Angeles, CA",84260,4961
14000US06037293307,"Census Tract 2933.07, Los Angeles, CA",47337,12016
14000US06037294110,"Census Tract 2941.10, Los Angeles, CA",52188,11496
14000US06037294120,"Census Tract 2941.20, Los Angeles, CA",41125,13529
14000US06037294200,"Census Tract 2942, Los Angeles, CA",61321,12361
14000US06037294301,"Census Tract 2943.01, Los Angeles, CA",66510,10449
14000US06037294302,"Census Tract 2943.02, Los Angeles, CA",49882,9076
14000US06037294410,"Census Tract 2944.10, Los Angeles, CA",44464,4932
14000US06037294421,"Census Tract 2944.21, Los Angeles, CA",46406,8493
14000US06037294510,"Census Tract 2945.10, Los Angeles, CA",43567,8162
14000US06037294520,"Census Tract 2945.20, Los Angeles, CA",48125,9426
14000US06037294610,"Census Tract 2946.10, Los Angeles, CA",40970,6491
14000US06037294620,"Census Tract 2946.20, Los Angeles, CA",40941,4414
14000US06037294701,"Census Tract 2947.01, Los Angeles, CA",31786,9596
14000US06037294810,"Census Tract 2948.10, Los Angeles, CA",40917,8953
14000US06037294820,"Census Tract 2948.20, Los Angeles, CA",36739,5114
14000US06037294830,"Census Tract 2948.30, Los Angeles, CA",35000,3650
14000US06037294900,"Census Tract 2949, Los Angeles, CA",38983,5344
14000US06037295103,"Census Tract 2951.03, Los Angeles, CA",101652,29815
14000US06037296210,"Census Tract 2962.10, Los Angeles, CA",30875,8532
14000US06037296220,"Census Tract 2962.20, Los Angeles, CA",26512,3966
14000US06037296300,"Census Tract 2963, Los Angeles, CA",83068,17339
14000US06037296401,"Census Tract 2964.01, Los Angeles, CA",79605,7290
14000US06037296402,"Census Tract 2964.02, Los Angeles, CA",95789,33448
14000US06037296500,"Census Tract 2965, Los Angeles, CA",36569,7905
14000US06037296600,"Census Tract 2966, Los Angeles, CA",33116,5045
14000US06037296901,"Census Tract 2969.01, Los Angeles, CA",42500,5315
14000US06037296902,"Census Tract 2969.02, Los Angeles, CA",44743,4899
14000US06037297000,"Census Tract 2970, Los Angeles, CA",78297,10283
14000US06037297110,"Census Tract 2971.10, Los Angeles, CA",34735,10010
14000US06037297120,"Census Tract 2971.20, Los Angeles, CA",46314,14143
14000US06037297201,"Census Tract 2972.01, Los Angeles, CA",58947,10225
14000US06037297202,"Census Tract 2972.02, Los Angeles, CA",66813,21738
14000US06037297300,"Census Tract 2973, Los Angeles, CA",79554,13527
14000US06037297400,"Census Tract 2974, Los Angeles, CA",91164,14579
14000US06037297500,"Census Tract 2975, Los Angeles, CA",109241,30185
14000US06037297601,"Census Tract 2976.01, Los Angeles, CA",51912,15704
14000US06037297602,"Census Tract 2976.02, Los Angeles, CA",66063,14887
14000US06037701100,"Census Tract 7011, Los Angeles, CA",0,0
14000US06037930200,"Census Tract 9302, Los Angeles, CA",84375,39893
14000US06037980008,"Census Tract 9800.08, Los Angeles, CA",48125,47239
14000US06037980009,"Census Tract 9800.09, Los Angeles, CA",0,0
14000US06037980010,"Census Tract 9800.10, Los Angeles, CA",11938,5075
14000US06037980014,"Census Tract 9800.14, Los Angeles, CA",0,0
14000US06037980015,"Census Tract 9800.15, Los Angeles, CA",39516,17812
14000US06037980019,"Census Tract 9800.19, Los Angeles, CA",200000,153365
14000US06037980020,"Census Tract 9800.20, Los Angeles, CA",0,0
14000US06037980021,"Census Tract 9800.21, Los Angeles, CA",0,0
14000US06037980022,"Census Tract 9800.22, Los Angeles, CA",0,0
14000US06037980023,"Census Tract 9800.23, Los Angeles, CA",0,0
14000US06037980024,"Census Tract 9800.24, Los Angeles, CA",121442,53406
14000US06037980026,"Census Tract 9800.26, Los Angeles, CA",0,0
14000US06037980028,"Census Tract 9800.28, Los Angeles, CA",0,0
14000US06037980031,"Census Tract 9800.31, Los Angeles, CA",110385,101021
14000US06037990200,"Census Tract 9902, Los Angeles, CA",0,0
16000US0644000,"Los Angeles, CA",54501,452
